section,rawP3DObjectName,rawP3DInGameName,rawP3DImagePath,matchedConfigObjectName,matchedConfigInGameName,actionFromMarkSheet,matchReason
books,book_kniga.p3d,-,images/gear/books/book_kniga.p3d.jpg,ProxyBook_kniga,-,retain,norm_contains
camping,barbed_wire.p3d,Barbed Wire,images/gear/camping/barbedwire/barbedwire.jpg,BarbedWire,Barbed Wire,no_mark,norm_exact
camping,barbed_wire_tied.p3d,Restrained by Barbed Wire,images/gear/camping/barbedwire/barbedwire.jpg,BarbedWireLocked,Restrained by Barbed Wire,no_mark,ingame_exact
camping,battery_charger.p3d,Battery Charger,images/gear/camping/batterycharger/batterycharger.jpg,BatteryCharger,Battery Charger,no_mark,norm_exact
camping,bonfire.p3d,-,images/gear/camping/bonfire/bonfire.jpg,Bonfire,-,no_mark,norm_exact
camping,cable_reel.p3d,Cable Reel,images/gear/camping/cablereel/cablereel.jpg,CableReel,Cable Reel,no_mark,norm_exact
camping,camo_net_p.p3d,Camo Net,images/gear/camping/camonetshelter/camonetshelter.jpg,Camonet,Camo net shelter,retain,norm_contains
camping,camo_net_shelter.p3d,Camo net shelter,images/gear/camping/camonetshelter/camonetshelter.jpg,Camonet,Camo net shelter,retain,ingame_exact
camping,canvas.p3d,-,images/gear/camping/canvas.p3d.jpg,,,no_mark,
camping,cartent.p3d,Car Tent,images/gear/camping/cartent/cartent.jpg,CarTent,Car Tent,no_mark,norm_exact
camping,christmas_lights.p3d,Festive Lights,images/gear/camping/xmaslights/xmaslights.jpg,XmasLights,Festive Lights,no_mark,ingame_exact
camping,combination_lock3.p3d,-,images/gear/camping/combinationlock/combinationlock.jpg,CombinationLock,3-Dial Combination Lock,no_mark,norm_contains
camping,combination_lock4.p3d,-,images/gear/camping/combinationlock4/combinationlock4.jpg,CombinationLock4,4-Dial Combination Lock,no_mark,norm_exact
camping,combination_lock_proxied.p3d,-,images/gear/camping/combinationlock/combinationlock.jpg,CombinationLock,3-Dial Combination Lock,no_mark,norm_contains
camping,dz_flag.p3d,-,images/gear/camping/dz_flag.p3d.jpg,,,no_mark,
camping,fabric_ground.p3d,-,images/gear/camping/fabric/fabric.jpg,Fabric,Tarp,no_mark,norm_contains
camping,fence.p3d,Fence,images/gear/camping/fence/fence.jpg,Fence,Fence,no_mark,norm_exact
camping,fence_deployed.p3d,-,images/gear/camping/fence/fence.jpg,Fence,Fence,no_mark,norm_contains
camping,fence_folded.p3d,-,images/gear/camping/fence/fence.jpg,Fence,Fence,no_mark,norm_contains
camping,fence_kit.p3d,Fence Kit,images/gear/camping/fencekit/fencekit.jpg,FenceKit,Fence Kit,no_mark,norm_exact
camping,fence_kit_deployed.p3d,-,images/gear/camping/fence/fence.jpg,,,no_mark,
camping,fence_kit_deployed_orig.p3d,-,images/gear/camping/fence/fence.jpg,,,no_mark,
camping,fence_kit_folded.p3d,-,images/gear/camping/fence/fence.jpg,,,no_mark,
camping,hbox.p3d,-,images/gear/camping/hescobox/hescobox.jpg,,,no_mark,
camping,hbox_base.p3d,Wire Mesh Barrier,images/gear/camping/hescobox/hescobox.jpg,HescoBox,Wire Mesh Barrier,no_mark,ingame_exact
camping,hbox_folded.p3d,-,images/gear/camping/hbox_folded.p3d.jpg,,,no_mark,
camping,hbox_unfolded_empty.p3d,-,images/gear/camping/hbox_unfolded_empty.p3d.jpg,,,no_mark,
camping,hbox_unfolded_filled.p3d,-,images/gear/camping/hbox_unfolded_filled.p3d.jpg,,,no_mark,
camping,improvised_tent_01.p3d,-,images/gear/camping/improvised_tent_01.p3d.jpg,,,no_mark,
camping,improvised_tent_02.p3d,-,images/gear/camping/improvised_tent_02.p3d.jpg,,,no_mark,
camping,improvised_tent_g_01.p3d,-,images/gear/camping/improvised_tent_g_01.p3d.jpg,,,no_mark,
camping,improvised_tent_g_02.p3d,-,images/gear/camping/improvised_tent_g_02.p3d.jpg,,,no_mark,
camping,largetent.p3d,Large Tent,images/gear/camping/largetent/largetent.jpg,LargeTent,Large Tent,no_mark,norm_exact
camping,largetentcluttercutter.p3d,Clutter Cutter 3x3,images/gear/camping/largetent/largetent.jpg,LargeTentClutterCutter,Clutter Cutter 3x3,no_mark,norm_exact
camping,large_tent_backpack.p3d,-,images/gear/camping/largetent/largetent.jpg,LargeTent,Large Tent,no_mark,norm_contains
camping,mediumtent.p3d,Medium Tent,images/gear/camping/mediumtent/mediumtent.jpg,MediumTent,Medium Tent,no_mark,norm_exact
camping,mediumtentcluttercutter.p3d,Clutter Cutter 3x3,images/gear/camping/mediumtent/mediumtent.jpg,MediumTentClutterCutter,Clutter Cutter 3x3,no_mark,norm_exact
camping,party_tent.p3d,Canopy Tent,images/gear/camping/partytent/partytent.jpg,,,no_mark,
camping,party_tent_g.p3d,-,images/gear/camping/partytent/partytent.jpg,,,no_mark,
camping,party_tent_static.p3d,-,images/gear/camping/partytent/partytent.jpg,,,no_mark,
camping,power_generator.p3d,Power Generator,images/gear/camping/powergenerator/powergenerator.jpg,PowerGenerator,Power Generator,no_mark,norm_exact
camping,sea_chest.p3d,Sea Chest,images/gear/camping/seachest/seachest.jpg,SeaChest,Sea Chest,no_mark,norm_exact
camping,sea_chest_anniversary.p3d,Anniversary T-Shirt Box,images/gear/camping/anniversarybox/anniversarybox.jpg,AnniversaryBox,Anniversary T-Shirt Box,no_mark,ingame_exact
camping,sheltersite.p3d,Shelter Site,images/gear/camping/sheltersite/sheltersite.jpg,ShelterSite,Shelter Site,no_mark,norm_exact
camping,shelter_fabric.p3d,Tarp Shelter,images/gear/camping/shelterfabric/shelterfabric.jpg,ShelterFabric,Tarp Shelter,no_mark,norm_exact
camping,shelter_frame.p3d,-,images/gear/camping/shelter_frame.p3d.jpg,,,no_mark,
camping,shelter_kit.p3d,-,images/gear/camping/shelterkit/shelterkit.jpg,ShelterKit,Shelter Kit,no_mark,norm_exact
camping,shelter_kit_deployed.p3d,-,images/gear/camping/shelterkit/shelterkit.jpg,ShelterKit,Shelter Kit,no_mark,norm_contains
camping,shelter_kit_folded.p3d,-,images/gear/camping/shelterkit/shelterkit.jpg,ShelterKit,Shelter Kit,no_mark,norm_contains
camping,shelter_leather.p3d,Leather Shelter,images/gear/camping/shelterleather/shelterleather.jpg,ShelterLeather,Leather Shelter,no_mark,norm_exact
camping,shelter_stick.p3d,Improvised Shelter,images/gear/camping/shelterstick/shelterstick.jpg,ShelterStick,Improvised Shelter,no_mark,norm_exact
camping,spotlight.p3d,Construction Light,images/gear/camping/spotlight/spotlight.jpg,Spotlight,Construction Light,no_mark,norm_exact
camping,string_lights_p.p3d,-,images/gear/camping/string_lights_p.p3d.jpg,,,no_mark,
camping,tent_cluttercutter.p3d,-,images/gear/camping/tent_cluttercutter.p3d.jpg,,,no_mark,
camping,tent_large_cluttercutter.p3d,-,images/gear/camping/tent_large_cluttercutter.p3d.jpg,,,no_mark,
camping,tent_medium_packed.p3d,-,images/gear/camping/tent_medium_packed.p3d.jpg,,,no_mark,
camping,tent_medium_pitched.p3d,-,images/gear/camping/tent_medium_pitched.p3d.jpg,,,no_mark,
camping,territory_flag.p3d,Flag Pole,images/gear/camping/territoryflag/territoryflag.jpg,TerritoryFlag,Flag Pole,no_mark,norm_exact
camping,territory_flag_kit.p3d,Flag Pole Kit,images/gear/camping/territoryflagkit/territoryflagkit.jpg,TerritoryFlagKit,Flag Pole Kit,no_mark,norm_exact
camping,territory_flag_kit_deployed.p3d,-,images/gear/camping/territory_flag_kit_deployed.p3d.jpg,,,no_mark,
camping,territory_flag_kit_folded.p3d,-,images/gear/camping/territory_flag_kit_folded.p3d.jpg,,,no_mark,
camping,t_fagussylvatica_2fmesh.p3d,-,images/gear/camping/t_fagussylvatica_2fmesh.p3d.jpg,,,no_mark,
camping,t_fagussylvatica_2fproxy.p3d,-,images/gear/camping/t_fagussylvatica_2fproxy.p3d.jpg,,,no_mark,
camping,underground_stash.p3d,Mound,images/gear/camping/undergroundstash/undergroundstash.jpg,UndergroundStash,Mound,no_mark,norm_exact
camping,underground_stash_snow.p3d,-,images/gear/camping/undergroundstashsnow/undergroundstashsnow.jpg,UndergroundStashSnow,-,no_mark,norm_exact
camping,watchtower.p3d,Watchtower,images/gear/camping/watchtower/watchtower.jpg,Watchtower,Watchtower,no_mark,norm_exact
camping,watchtower_deployed.p3d,-,images/gear/camping/watchtower/watchtower.jpg,Watchtower,Watchtower,no_mark,norm_contains
camping,watchtower_folded.p3d,-,images/gear/camping/watchtower/watchtower.jpg,Watchtower,Watchtower,no_mark,norm_contains
camping,watchtower_kit.p3d,Shelter Kit,images/gear/camping/watchtowerkit/watchtowerkit.jpg,WatchtowerKit,Watchtower Kit,no_mark,norm_exact
camping,watchtower_kit_deployed.p3d,-,images/gear/camping/watchtower/watchtower.jpg,,,no_mark,
camping,watchtower_kit_deployed_orig.p3d,-,images/gear/camping/watchtower/watchtower.jpg,,,no_mark,
camping,watchtower_kit_folded.p3d,-,images/gear/camping/watchtower/watchtower.jpg,,,no_mark,
camping,watchtower_no_proxy.p3d,-,images/gear/camping/watchtower/watchtower.jpg,Watchtower,Watchtower,no_mark,norm_contains
camping,wooden_case.p3d,Wooden Crate,images/gear/camping/woodencrate/woodencrate.jpg,WoodenCrate,Wooden Crate,no_mark,ingame_exact
camping,wooden_log.p3d,Wooden Log,images/gear/consumables/woodenlog/woodenlog.jpg,WoodenLog,Wooden Log,no_mark,norm_exact
camping,cartentplacing.p3d,,images/gear/camping/cartent/cartent.jpg,CarTentPlacing,,no_mark,norm_exact
camping,fence_kit_placing.p3d,,images/gear/camping/fence/fence.jpg,,,no_mark,
camping,largetentplacing.p3d,,images/gear/camping/largetent/largetent.jpg,LargeTentPlacing,,no_mark,norm_exact
camping,mediumtentplacing.p3d,,images/gear/camping/mediumtent/mediumtent.jpg,MediumTentPlacing,,no_mark,norm_exact
camping,party_tentplacing.p3d,,images/gear/camping/partytent/partytent.jpg,PartyTentPlacing,,no_mark,norm_exact
camping,shelter_kit_placing.p3d,,images/gear/camping/shelterkit/shelterkit.jpg,ShelterKitPlacing,,no_mark,norm_exact
camping,territory_flag_kit_placing.p3d,,images/gear/camping/territoryflagkitplacing.jpg,,,no_mark,
camping,watchtower_kit_placing.p3d,,images/gear/camping/watchtower/watchtower.jpg,,,no_mark,
consumables,9v_battery.p3d,9V Battery,images/gear/consumables/battery9v/battery9v.jpg,Battery9V,9V Battery,no_mark,ingame_exact
consumables,arrow_feather.p3d,Chicken Feathers,images/gear/crafting/chickenfeather/chickenfeather.jpg,ChickenFeather,Chicken Feathers,no_mark,ingame_exact
consumables,arrow_shaft.p3d,-,images/gear/consumables/arrow_shaft.p3d.jpg,,,no_mark,
consumables,bait_hook.p3d,-,images/gear/consumables/bait/bait.jpg,,,no_mark,
consumables,bait_hook2.p3d,-,images/gear/consumables/bait/bait.jpg,,,no_mark,
consumables,bait_worm_pinned.p3d,Fishing Bait,images/gear/consumables/bait/bait.jpg,Bait,Fishing Bait,no_mark,ingame_exact
consumables,bandanafh_ground.p3d,-,images/gear/consumables/bandanafh_ground.p3d.jpg,,,no_mark,
consumables,batteryd.p3d,-,images/gear/consumables/battery9v/battery9v.jpg,,,no_mark,
consumables,birch_bark.p3d,Light Bark,images/gear/consumables/bark_birch/bark_birch.jpg,Bark_Birch,Light Bark,no_mark,ingame_exact
consumables,butanecanister.p3d,Butane Canister,images/gear/consumables/butanecanister/butanecanister.jpg,ButaneCanister,Butane Canister,no_mark,norm_exact
consumables,chemlight.p3d,-,images/gear/consumables/chemlight_blue/chemlight_blue.jpg,,,no_mark,
consumables,ducttape.p3d,Duct Tape,images/gear/consumables/ducttape/ducttape.jpg,DuctTape,Duct Tape,no_mark,norm_exact
consumables,ducttape_tied.p3d,Restrained by Duct Tape,images/gear/consumables/ducttape/ducttape.jpg,DuctTapeLocked,Restrained by Duct Tape,no_mark,ingame_exact
consumables,easteregg.p3d,Eggsperimental Capsule,images/gear/consumables/easteregg/easteregg.jpg,EasterEgg,Eggsperimental Capsule,no_mark,norm_exact
consumables,firewood.p3d,-,images/gear/consumables/firewood/firewood.jpg,,,no_mark,
consumables,garden_lime.p3d,Garden Lime,images/gear/consumables/gardenlime/gardenlime.jpg,GardenLime,Garden Lime,no_mark,norm_exact
consumables,gascannisterlarge.p3d,-,images/gear/consumables/gascannisterlarge.p3d.jpg,,,no_mark,
consumables,gascannistermedium.p3d,Medium Gas Canister,images/gear/consumables/mediumgascanister/mediumgascanister.jpg,MediumGasCanister,Medium Gas Canister,no_mark,ingame_exact
consumables,gascannistersmall.p3d,Small Gas Canister,images/gear/consumables/smallgascanister/smallgascanister.jpg,SmallGasCanister,Small Gas Canister,no_mark,ingame_exact
consumables,gasmask_filter.p3d,Gas Mask Filter,images/gear/consumables/gasmask_filter/gasmask_filter.jpg,GasMask_Filter,Gas Mask Filter,no_mark,norm_exact
consumables,giftwrappaper.p3d,Gift Wrap Paper,images/gear/consumables/giftwrappaper/giftwrappaper.jpg,GiftWrapPaper,Gift Wrap Paper,no_mark,norm_exact
consumables,jig.p3d,Jig,images/gear/consumables/jig/jig.jpg,Jig,Jig,no_mark,norm_exact
consumables,matchbox.p3d,Matches,images/gear/consumables/matchbox/matchbox.jpg,Matchbox,Matches,no_mark,norm_exact
consumables,metal_plate.p3d,-,images/gear/consumables/metalplate/metalplate.jpg,MetalPlate,Sheet Metal,no_mark,norm_exact
consumables,metal_sheets.p3d,-,images/gear/consumables/metalplate/metalplate.jpg,,,no_mark,
consumables,metal_sheet_pile.p3d,-,images/gear/consumables/metal_sheet_pile.p3d.jpg,,,no_mark,
consumables,nails_box.p3d,Boxed Nails,images/gear/consumables/nailbox/nailbox.jpg,NailBox,Boxed Nails,no_mark,ingame_exact
consumables,nails_loose_10.p3d,Nails,images/gear/consumables/nail/nail.jpg,Nail,Nails,no_mark,ingame_exact
consumables,netting.p3d,Netting,images/gear/consumables/netting/netting.jpg,Netting,Netting,no_mark,norm_exact
consumables,oak_bark.p3d,Dark Bark,images/gear/consumables/bark_oak/bark_oak.jpg,Bark_Oak,Dark Bark,no_mark,ingame_exact
consumables,oil_bottle.p3d,-,images/gear/consumables/oil_bottle.p3d.jpg,,,no_mark,
consumables,paper.p3d,Paper,images/gear/consumables/paper/paper.jpg,Paper,Paper,no_mark,norm_exact
consumables,pelt_bear.p3d,Bear Pelt,images/gear/consumables/bearpelt/bearpelt.jpg,BearPelt,Bear Pelt,no_mark,ingame_exact
consumables,pelt_bull.p3d,-,images/gear/consumables/pelt_bull.p3d.jpg,,,no_mark,
consumables,pelt_cow.p3d,Cow Pelt,images/gear/consumables/cowpelt/cowpelt.jpg,CowPelt,Cow Pelt,no_mark,ingame_exact
consumables,pelt_deer.p3d,Deer Pelt,images/gear/consumables/deerpelt/deerpelt.jpg,DeerPelt,Deer Pelt,no_mark,ingame_exact
consumables,pelt_deer_fem.p3d,-,images/gear/consumables/pelt_deer_fem.p3d.jpg,,,no_mark,
consumables,pelt_fox.p3d,Fox Pelt,images/gear/consumables/foxpelt/foxpelt.jpg,Foxpelt,Fox Pelt,no_mark,ingame_exact
consumables,pelt_goat.p3d,Goat Pelt,images/gear/consumables/goatpelt/goatpelt.jpg,GoatPelt,Goat Pelt,no_mark,ingame_exact
consumables,pelt_horse.p3d,-,images/gear/consumables/pelt_horse.p3d.jpg,,,no_mark,
consumables,pelt_mouflon.p3d,-,images/gear/consumables/pelt_mouflon.p3d.jpg,,,no_mark,
consumables,pelt_pig.p3d,Pig Pelt,images/gear/consumables/pigpelt/pigpelt.jpg,PigPelt,Pig Pelt,no_mark,ingame_exact
consumables,pelt_rabbit.p3d,Hare Pelt,images/gear/consumables/rabbitpelt/rabbitpelt.jpg,RabbitPelt,Hare Pelt,no_mark,ingame_exact
consumables,pelt_reindeer.p3d,Reindeer Pelt,images/gear/consumables/reindeerpelt/reindeerpelt.jpg,ReindeerPelt,Reindeer Pelt,no_mark,ingame_exact
consumables,pelt_sheep.p3d,Sheep Pelt,images/gear/consumables/sheeppelt/sheeppelt.jpg,SheepPelt,Sheep Pelt,no_mark,ingame_exact
consumables,pelt_wildboar.p3d,Boar Pelt,images/gear/consumables/wildboarpelt/wildboarpelt.jpg,WildboarPelt,Boar Pelt,no_mark,ingame_exact
consumables,pelt_wolf.p3d,Wolf Pelt,images/gear/consumables/wolfpelt/wolfpelt.jpg,WolfPelt,Wolf Pelt,no_mark,ingame_exact
consumables,pile_of_planks.p3d,Lumber Pile,images/gear/consumables/pileofwoodenplanks/pileofwoodenplanks.jpg,PileOfWoodenPlanks,Lumber Pile,no_mark,ingame_exact
consumables,pile_of_planks_high.p3d,-,images/gear/consumables/pileofwoodenplanks/pileofwoodenplanks.jpg,,,no_mark,
consumables,pile_of_planks_low.p3d,-,images/gear/consumables/pileofwoodenplanks/pileofwoodenplanks.jpg,,,no_mark,
consumables,pile_of_planks_medium.p3d,-,images/gear/consumables/pileofwoodenplanks/pileofwoodenplanks.jpg,,,no_mark,
consumables,pile_of_planks_small.p3d,-,images/gear/consumables/pileofwoodenplanks/pileofwoodenplanks.jpg,,,no_mark,
consumables,punchedcard.p3d,Punched Card,images/gear/consumables/punchedcard/punchedcard.jpg,PunchedCard,Punched Card,no_mark,norm_exact
consumables,rags.p3d,Rag,images/gear/consumables/rag/rag.jpg,Rag,Rag,no_mark,norm_contains
consumables,road_flare.p3d,-,images/gear/consumables/roadflare/roadflare.jpg,Roadflare,Road Flare,no_mark,norm_exact
consumables,single_metal_sheet.p3d,Sheet Metal,images/gear/consumables/metalplate/metalplate.jpg,MetalPlate,Sheet Metal,no_mark,ingame_exact
consumables,single_plank.p3d,Plank,images/gear/consumables/woodenplank/woodenplank.jpg,WoodenPlank,Plank,no_mark,ingame_exact
consumables,smallstone.p3d,Small Stone,images/gear/consumables/smallstone/smallstone.jpg,SmallStone,Small Stone,no_mark,norm_exact
consumables,spraycan.p3d,Spraypaint,images/gear/consumables/spraycan_black/spraycan_black.jpg,,,no_mark,
consumables,stone.p3d,-,images/gear/consumables/stone.jpg,Stone,Large Stone,retain,norm_exact
consumables,stone_slice.p3d,Stone Knife,images/gear/tools/stoneknife/stoneknife.jpg,StoneKnife,Stone Knife,no_mark,ingame_exact
consumables,tanned_leather.p3d,Tanned Leather,images/gear/consumables/tannedleather/tannedleather.jpg,TannedLeather,Tanned Leather,no_mark,norm_exact
containers,300roundbox.p3d,Ammo Box,images/gear/containers/ammobox/ammobox.jpg,AmmoBox,Ammo Box,no_mark,ingame_exact
containers,55galdrum.p3d,Barrel,images/gear/containers/55galdrum.p3d.jpg,,,no_mark,
containers,christmasbox1.p3d,-,images/gear/containers/christmasbox1.p3d.jpg,,,no_mark,
containers,christmasbox2.p3d,Medium Gift Box,images/gear/containers/christmasbox2.p3d.jpg,,,no_mark,
containers,christmasbox3.p3d,Large Gift Box,images/gear/containers/christmasbox3.p3d.jpg,,,no_mark,
containers,firstaidkit.p3d,First Aid Pouch,images/gear/containers/firstaidkit/firstaidkit.jpg,FirstAidKit,First Aid Pouch,no_mark,norm_exact
containers,fridge.p3d,Minsk refrigerator,images/gear/containers/refrigeratorminsk/refrigeratorminsk.jpg,RefrigeratorMinsk,Minsk refrigerator,no_mark,ingame_exact
containers,protector_case.p3d,Protective Case,images/gear/containers/smallprotectorcase/smallprotectorcase.jpg,SmallProtectorCase,Protective Case,no_mark,ingame_exact
containers,scientificcase.p3d,Scientific Briefcase,images/gear/containers/scientificbriefcase/scientificbriefcase.jpg,ScientificBriefcase,Scientific Briefcase,no_mark,ingame_exact
containers,teddybear.p3d,Teddy Bear,images/gear/containers/teddybear.p3d.jpg,,,no_mark,
containers,trashcan.p3d,Trash Can,images/gear/containers/trashcan/trashcan.jpg,TrashCan,Trash Can,no_mark,norm_exact
containers,wallet.p3d,-,images/gear/containers/wallet.p3d.jpg,,,no_mark,
containers,waterproofbag.p3d,Drysack,images/gear/containers/waterproofbag_green/waterproofbag_green.jpg,,,no_mark,
cooking,barrel_holes.p3d,Fire Barrel,images/gear/cooking/barrelholes_blue/barrelholes_blue.jpg,,,no_mark,
cooking,cauldron.p3d,Cauldron,images/gear/cooking/cauldron/cauldron.jpg,Cauldron,Cauldron,no_mark,norm_exact
cooking,cookingpot.p3d,-,images/gear/cooking/cookingpot.p3d.jpg,Pot,Cooking Pot,no_mark,norm_contains
cooking,cookingstand.p3d,Cooking Stand,images/gear/cooking/cookingstand/cookingstand.jpg,CookingStand,Cooking Stand,no_mark,norm_exact
cooking,fireplace.p3d,Fireplace,images/gear/cooking/fireplace/fireplace.jpg,Fireplace,Fireplace,no_mark,norm_exact
cooking,fireplaceindoor.p3d,Fireplace,images/gear/cooking/fireplaceindoor/fireplaceindoor.jpg,FireplaceIndoor,Fireplace,no_mark,norm_exact
cooking,fireplace_backup.p3d,-,images/gear/cooking/fireplace/fireplace.jpg,Fireplace,Fireplace,no_mark,norm_contains
cooking,fireplace_cluttercutter.p3d,Fireplace Clutter Cutter,images/gear/cooking/fireplace/fireplace.jpg,Fireplace,Fireplace,no_mark,norm_contains
cooking,fireplace_spot_snow.p3d,-,images/gear/cooking/fireplace/fireplace.jpg,StaticObj_fireplace_spot_snow,-,no_mark,norm_exact
cooking,fryingpan.p3d,Frying Pan,images/gear/cooking/fryingpan/fryingpan.jpg,FryingPan,Frying Pan,no_mark,norm_exact
cooking,gascooker.p3d,Gas Stove,images/gear/cooking/portablegasstove/portablegasstove.jpg,PortableGasStove,Gas Stove,no_mark,ingame_exact
cooking,gaslight.p3d,Gas Lamp,images/gear/cooking/portablegaslamp/portablegaslamp.jpg,PortableGasLamp,Gas Lamp,no_mark,ingame_exact
cooking,log01.p3d,Firewood,images/gear/consumables/firewood/firewood.jpg,Firewood,Firewood,no_mark,ingame_exact
cooking,log01burned.p3d,-,images/gear/cooking/log01burned.p3d.jpg,,,no_mark,
cooking,log02.p3d,-,images/gear/cooking/log02.p3d.jpg,,,no_mark,
cooking,log02burned.p3d,-,images/gear/cooking/log02burned.p3d.jpg,,,no_mark,
cooking,log03.p3d,-,images/gear/cooking/log03.p3d.jpg,,,no_mark,
cooking,log03burned.p3d,-,images/gear/cooking/log03burned.p3d.jpg,,,no_mark,
cooking,oven.p3d,-,images/gear/cooking/ovenindoor/ovenindoor.jpg,,,no_mark,
cooking,ovenindoor.p3d,Fireplace,images/gear/cooking/ovenindoor/ovenindoor.jpg,,,no_mark,
cooking,petrol_lighter.p3d,Lighter,images/gear/cooking/petrollighter/petrollighter.jpg,PetrolLighter,Lighter,no_mark,norm_exact
cooking,stone.p3d,-,images/gear/cooking/stone.p3d.jpg,,,no_mark,
cooking,stoneground.p3d,-,images/gear/cooking/stoneground.p3d.jpg,,,no_mark,
cooking,tripod.p3d,Campfire Tripod,images/gear/cooking/tripod/tripod.jpg,Tripod,Campfire Tripod,no_mark,norm_exact
cooking,tripod_collapsed.p3d,-,images/gear/cooking/tripod/tripod.jpg,Tripod,Campfire Tripod,no_mark,norm_contains
cooking,tripod_deployed.p3d,-,images/gear/cooking/tripod/tripod.jpg,Tripod,Campfire Tripod,no_mark,norm_contains
crafting,advanced_spear.p3d,-,images/gear/crafting/advanced_spear.p3d.jpg,,,no_mark,
crafting,basic_spear.p3d,-,images/gear/crafting/basic_spear.p3d.jpg,,,no_mark,
crafting,bone_bait.p3d,Bone Fishing Bait,images/gear/consumables/bonebait/bonebait.jpg,BoneBait,Bone Fishing Bait,no_mark,norm_exact
crafting,bone_hook.p3d,Bone Fishing Hook,images/gear/consumables/bonehook/bonehook.jpg,BoneHook,Bone Fishing Hook,no_mark,norm_exact
crafting,bp_burlap_sack.p3d,Burlap Sack,images/gear/crafting/burlapsack/burlapsack.jpg,BurlapSack,Burlap Sack,no_mark,ingame_exact
crafting,bp_rope.p3d,-,images/gear/crafting/rope/rope.jpg,Rope,Rope,no_mark,norm_contains
crafting,bp_rope_tied.p3d,Restrained by Rope,images/gear/crafting/rope/rope.jpg,RopeLocked,Restrained by Rope,no_mark,ingame_exact
crafting,bp_wooden_stick.p3d,Short Stick,images/gear/crafting/woodenstick/woodenstick.jpg,WoodenStick,Short Stick,no_mark,ingame_exact
crafting,gasmask_filter_improvised.p3d,Improvised Gas Mask Filter,images/gear/crafting/gasmask_filter_improvised/gasmask_filter_improvised.jpg,GasMask_Filter_Improvised,Improvised Gas Mask Filter,no_mark,norm_exact
crafting,grass.p3d,-,images/gear/crafting/grass.p3d.jpg,,,no_mark,
crafting,hand_drill_kit.p3d,Hand Drill Kit,images/gear/crafting/handdrillkit/handdrillkit.jpg,HandDrillKit,Hand Drill Kit,no_mark,norm_exact
crafting,longtorch.p3d,Long Torch,images/gear/crafting/longtorch/longtorch.jpg,LongTorch,Long Torch,no_mark,norm_exact
crafting,rabbit_snare.p3d,-,images/gear/crafting/rabbit_snare.p3d.jpg,,,no_mark,
crafting,sackcloth_rag.p3d,Burlap Strips,images/gear/consumables/burlapstrip/burlapstrip.jpg,BurlapStrip,Burlap Strips,no_mark,ingame_exact
crafting,string_metalwire.p3d,-,images/gear/crafting/metalwire/metalwire.jpg,MetalWire,Metal Wire,no_mark,norm_contains
crafting,string_metalwire_tied.p3d,Restrained by Metal Wire,images/gear/crafting/metalwire/metalwire.jpg,MetalWireLocked,Restrained by Metal Wire,no_mark,ingame_exact
crafting,torch.p3d,Torch,images/gear/crafting/torch/torch.jpg,Torch,Torch,no_mark,norm_exact
crafting,waterbottlefishtrap.p3d,-,images/gear/crafting/waterbottlefishtrap.p3d.jpg,,,no_mark,
crafting,wooden_bait.p3d,-,images/gear/crafting/wooden_bait.p3d.jpg,,,no_mark,
crafting,wooden_hook.p3d,Wooden Fishing Hook,images/gear/consumables/woodenhook/woodenhook.jpg,WoodenHook,Wooden Fishing Hook,no_mark,norm_exact
crafting,wooden_stick.p3d,Obsolete Fishing Rod,images/gear/crafting/woodenstick/woodenstick.jpg,WoodenStick,Short Stick,no_mark,norm_exact
crafting,wooden_stick_blunt.p3d,Long Stick,images/gear/crafting/longwoodenstick/longwoodenstick.jpg,LongWoodenStick,Long Stick,no_mark,ingame_exact
cultivation,cannabis_plant.p3d,-,images/gear/cultivation/cannabis_plant.p3d.jpg,,,no_mark,
cultivation,cannabis_seeds.p3d,Cannabis Seeds,images/gear/cultivation/cannabisseeds/cannabisseeds.jpg,CannabisSeeds,Cannabis Seeds,no_mark,norm_exact
cultivation,cannabis_seeds_pack.p3d,Cannabis Seeds Pack,images/gear/cultivation/cannabisseedspack/cannabisseedspack.jpg,CannabisSeedsPack,Cannabis Seeds Pack,no_mark,norm_exact
cultivation,clutter_cutter_2m_x_2m.p3d,Clutter Cutter 3x3,images/gear/cultivation/clutter_cutter_2m_x_2m.p3d.jpg,Plant_Cannabis,Clutter Cutter 3x3,retain,ingame_exact
cultivation,clutter_cutter_6m_x_6m.p3d,Clutter Cutter 3x3,images/gear/cultivation/clutter_cutter_6m_x_6m.p3d.jpg,Plant_Cannabis,Clutter Cutter 3x3,retain,ingame_exact
cultivation,compost.p3d,-,images/gear/cultivation/compost.p3d.jpg,,,no_mark,
cultivation,garden_plot_greenhouse.p3d,-,images/gear/cultivation/gardenplotgreenhouse.jpg,GardenPlot,-,retain,norm_contains
cultivation,garden_plot_outside.p3d,-,images/gear/cultivation/garden_plot_outside.p3d.jpg,GardenPlot,-,retain,norm_contains
cultivation,garden_plot_polytunnel.p3d,-,images/gear/cultivation/gardenplotpolytunnel.jpg,GardenPlot,-,retain,norm_contains
cultivation,pepper_plant.p3d,Pepper Plant,images/gear/cultivation/plant_pepper.jpg,Plant_Pepper,Pepper Plant,retain,ingame_exact
cultivation,pepper_seeds.p3d,Pepper Seeds,images/gear/cultivation/pepperseeds/pepperseeds.jpg,PepperSeeds,Pepper Seeds,no_mark,norm_exact
cultivation,pepper_seeds_pack.p3d,Packed Pepper Seeds,images/gear/cultivation/pepperseedspack/pepperseedspack.jpg,PepperSeedsPack,Packed Pepper Seeds,no_mark,norm_exact
cultivation,plant_material.p3d,Plant Material,images/gear/cultivation/plantmaterial/plantmaterial.jpg,PlantMaterial,Plant Material,no_mark,norm_exact
cultivation,potatoes_seeds_pack.p3d,-,images/gear/cultivation/potatoes_seeds_pack.p3d.jpg,,,no_mark,
cultivation,potato_plant.p3d,Potato Plant,images/gear/cultivation/plant_potato.jpg,Plant_Potato,Potato Plant,retain,ingame_exact
cultivation,pumpkin_plant.p3d,Pumpkin Plant,images/gear/cultivation/plant_pumpkin.jpg,Plant_Pumpkin,Pumpkin Plant,retain,ingame_exact
cultivation,pumpkin_seeds.p3d,Pumpkin Seeds,images/gear/cultivation/pumpkinseeds/pumpkinseeds.jpg,PumpkinSeeds,Pumpkin Seeds,no_mark,norm_exact
cultivation,pumpkin_seeds_pack.p3d,Packed Pumpkin Seeds,images/gear/cultivation/pumpkinseedspack/pumpkinseedspack.jpg,PumpkinSeedsPack,Packed Pumpkin Seeds,no_mark,norm_exact
cultivation,soil_cultivated.p3d,-,images/gear/cultivation/soil_cultivated.p3d.jpg,,,no_mark,
cultivation,tomato_plant.p3d,Tomato Plant,images/gear/cultivation/tomato_plant.p3d.jpg,Plant_Tomato,Tomato Plant,retain,ingame_exact
cultivation,tomato_seeds.p3d,-,images/gear/cultivation/tomatoseeds/tomatoseeds.jpg,TomatoSeeds,Tomato Seeds,no_mark,norm_exact
cultivation,tomato_seeds_pack.p3d,Packed Tomato Seeds,images/gear/cultivation/tomatoseedspack/tomatoseedspack.jpg,TomatoSeedsPack,Packed Tomato Seeds,no_mark,norm_exact
cultivation,zucchini_plant.p3d,Zucchini Plant,images/gear/cultivation/plant_zucchini.jpg,Plant_Zucchini,Zucchini Plant,retain,ingame_exact
cultivation,zucchini_seeds.p3d,Zucchini Seeds,images/gear/cultivation/zucchiniseeds/zucchiniseeds.jpg,ZucchiniSeeds,Zucchini Seeds,no_mark,norm_exact
cultivation,zucchini_seeds_pack.p3d,Packed Zucchini Seeds,images/gear/cultivation/zucchiniseedspack/zucchiniseedspack.jpg,ZucchiniSeedsPack,Packed Zucchini Seeds,no_mark,norm_exact
cultivation,garden_plot_outside_placing.p3d,,images/gear/cultivation/garden_plot_outside_placing.p3d.jpg,GardenPlot,-,retain,norm_contains
drinks,canteen.p3d,Canteen,images/gear/drinks/canteen/canteen.jpg,Canteen,Canteen,no_mark,norm_exact
drinks,filteringbottle.p3d,Filtering Bottle,images/gear/drinks/filteringbottle/filteringbottle.jpg,FilteringBottle,Filtering Bottle,no_mark,norm_exact
drinks,milkbottle.p3d,-,images/gear/drinks/milkbottle.p3d.jpg,,,no_mark,
drinks,sodacan.p3d,-,images/gear/drinks/sodacan_cola/sodacan_cola.jpg,,,no_mark,
drinks,sodacan_used.p3d,-,images/gear/drinks/sodacan_used.p3d.jpg,,,no_mark,
drinks,vodkabottles.p3d,Glass Bottle,images/gear/drinks/glassbottle/glassbottle.jpg,GlassBottle,Glass Bottle,no_mark,ingame_exact
drinks,waterbottle.p3d,Plastic Bottle,images/gear/drinks/waterbottle/waterbottle.jpg,WaterBottle,Plastic Bottle,no_mark,norm_exact
drinks,waterpouch.p3d,Leather Bottle,images/gear/drinks/waterpouch_natural/waterpouch_natural.jpg,WaterPouch_Natural,Leather Bottle,no_mark,ingame_exact
food,animal_guts.p3d,Guts,images/gear/food/guts/guts.jpg,Guts,Guts,no_mark,ingame_exact
food,animal_smallguts.p3d,Small Guts,images/gear/food/smallguts/smallguts.jpg,SmallGuts,Small Guts,no_mark,ingame_exact
food,apple.p3d,Apple,images/gear/food/apple/apple.jpg,Apple,Apple,no_mark,norm_exact
food,apple_fresh.p3d,-,images/gear/food/apple/apple.jpg,Apple,Apple,no_mark,norm_contains
food,apple_rotten.p3d,-,images/gear/food/apple/apple.jpg,Apple,Apple,no_mark,norm_contains
food,bait_worm.p3d,-,images/gear/food/worm/worm.jpg,Worm,Earthworm,no_mark,norm_contains
food,bakedbeans.p3d,-,images/gear/food/bakedbeanscan/bakedbeanscan.jpg,,,no_mark,
food,bakedbeans_open.p3d,-,images/gear/food/bakedbeans_open.p3d.jpg,,,no_mark,
food,banana_fresh.p3d,Banana,images/gear/food/banana/banana.jpg,Banana,Banana,no_mark,ingame_exact
food,banana_rottem.p3d,-,images/gear/food/banana/banana.jpg,Banana,Banana,no_mark,norm_contains
food,bitterlings.p3d,Bitterlings,images/gear/food/bitterlings/bitterlings.jpg,Bitterlings,Bitterlings,no_mark,norm_exact
food,blueberries.p3d,-,images/gear/food/blueberries.p3d.jpg,,,no_mark,
food,boxcereal.p3d,Cereals,images/gear/food/boxcerealcrunchin/boxcerealcrunchin.jpg,BoxCerealCrunchin,Cereals,no_mark,ingame_exact
food,candycane.p3d,-,images/gear/food/candycane_green/candycane_green.jpg,,,no_mark,
food,canina_raw.p3d,Rose Hips,images/gear/food/caninaberry/caninaberry.jpg,CaninaBerry,Rose Hips,no_mark,ingame_exact
food,cannabis_seedman.p3d,Cannabis,images/gear/food/cannabis/cannabis.jpg,Cannabis,Cannabis,no_mark,ingame_exact
food,can_sardines.p3d,Canned Sardines,images/gear/food/sardines/sardines.jpg,Sardines,Sardines,no_mark,norm_contains
food,can_sardines_open.p3d,Canned Sardines,images/gear/food/sardines/sardines.jpg,Sardines,Sardines,no_mark,norm_contains
food,carp_fillet.p3d,Carp Fillet,images/gear/food/carpfilletmeat/carpfilletmeat.jpg,CarpFilletMeat,Carp Fillet,no_mark,ingame_exact
food,carp_fillet_burnt.p3d,-,images/gear/food/carp/carp.jpg,Carp,Carp,no_mark,norm_contains
food,carp_fillet_cooked.p3d,-,images/gear/food/carp/carp.jpg,Carp,Carp,no_mark,norm_contains
food,carp_fillet_raw.p3d,-,images/gear/food/carp/carp.jpg,Carp,Carp,no_mark,norm_contains
food,carp_fillet_rotten.p3d,-,images/gear/food/carp/carp.jpg,Carp,Carp,no_mark,norm_contains
food,carp_live.p3d,Carp,images/gear/food/carp/carp.jpg,Carp,Carp,no_mark,ingame_exact
food,eeg.p3d,-,images/gear/food/eeg.p3d.jpg,,,no_mark,
food,foodcan_100g.p3d,-,images/gear/food/foodcan_100g.p3d.jpg,,,no_mark,
food,foodcan_100g_open.p3d,-,images/gear/food/foodcan_100g_open.p3d.jpg,,,no_mark,
food,foodcan_250g.p3d,-,images/gear/food/foodcan_250g.p3d.jpg,,,no_mark,
food,foodcan_250g_open.p3d,-,images/gear/food/foodcan_250g_open.p3d.jpg,,,no_mark,
food,food_can.p3d,Unknown Food Can,images/gear/food/food_can.p3d.jpg,,,no_mark,
food,food_can_open.p3d,Unknown Food Can,images/gear/food/food_can_open.p3d.jpg,,,no_mark,
food,food_can_proxied.p3d,-,images/gear/food/food_can_proxied.p3d.jpg,,,no_mark,
food,gallus_gallus_female_dead.p3d,Hen,images/gear/food/gallus_gallus_female_dead.p3d.jpg,,,no_mark,
food,gallus_gallus_male_dead.p3d,Rooster,images/gear/food/deadrooster/deadrooster.jpg,DeadRooster,Rooster,no_mark,ingame_exact
food,honey.p3d,Honey,images/gear/food/honey/honey.jpg,Honey,Honey,no_mark,norm_exact
food,human_meat.p3d,Human Steak,images/gear/food/humansteakmeat/humansteakmeat.jpg,HumanSteakMeat,Human Steak,no_mark,ingame_exact
food,kiwi_fresh.p3d,Kiwi,images/gear/food/kiwi/kiwi.jpg,Kiwi,Kiwi,no_mark,ingame_exact
food,kiwi_rotten.p3d,-,images/gear/food/kiwi/kiwi.jpg,Kiwi,Kiwi,no_mark,norm_contains
food,lard.p3d,Fat,images/gear/food/lard/lard.jpg,Lard,Fat,no_mark,norm_exact
food,lepus_europaeus_dead.p3d,-,images/gear/food/lepus_europaeus_dead.p3d.jpg,,,no_mark,
food,mackerel_fillet.p3d,Mackerel Fillet,images/gear/food/mackerelfilletmeat/mackerelfilletmeat.jpg,MackerelFilletMeat,Mackerel Fillet,no_mark,ingame_exact
food,mackerel_fillet_cooked.p3d,-,images/gear/food/mackerel/mackerel.jpg,Mackerel,Mackerel,no_mark,norm_contains
food,mackerel_fillet_raw.p3d,-,images/gear/food/mackerel/mackerel.jpg,Mackerel,Mackerel,no_mark,norm_contains
food,mackerel_live.p3d,Mackerel,images/gear/food/mackerel/mackerel.jpg,Mackerel,Mackerel,no_mark,ingame_exact
food,marmalade.p3d,Strawberry Jam,images/gear/food/marmalade/marmalade.jpg,Marmalade,Strawberry Jam,no_mark,norm_exact
food,meat.p3d,-,images/gear/food/meat.p3d.jpg,,,no_mark,
food,meat_breast.p3d,Chicken Steak,images/gear/food/chickenbreastmeat/chickenbreastmeat.jpg,ChickenBreastMeat,Chicken Steak,no_mark,ingame_exact
food,meat_leg.p3d,Hare Leg,images/gear/food/rabbitlegmeat/rabbitlegmeat.jpg,RabbitLegMeat,Hare Leg,no_mark,ingame_exact
food,meat_steak.p3d,Fox Steak,images/gear/food/foxsteakmeat/foxsteakmeat.jpg,FoxSteakMeat,Fox Steak,no_mark,ingame_exact
food,mushroom_agaricus.p3d,Field Mushroom,images/gear/food/agaricusmushroom/agaricusmushroom.jpg,AgaricusMushroom,Field Mushroom,no_mark,ingame_exact
food,mushroom_amanita.p3d,Fly Amanita,images/gear/food/amanitamushroom/amanitamushroom.jpg,AmanitaMushroom,Fly Amanita,no_mark,ingame_exact
food,mushroom_auricularia.p3d,Wood Ear,images/gear/food/auriculariamushroom/auriculariamushroom.jpg,AuriculariaMushroom,Wood Ear,no_mark,ingame_exact
food,mushroom_boletus.p3d,Penny Bun,images/gear/food/boletusmushroom/boletusmushroom.jpg,BoletusMushroom,Penny Bun,no_mark,ingame_exact
food,mushroom_craterellus.p3d,Yellowfoot Mushroom,images/gear/food/craterellusmushroom/craterellusmushroom.jpg,CraterellusMushroom,Yellowfoot Mushroom,no_mark,ingame_exact
food,mushroom_lactarius.p3d,Red Pine Mushroom,images/gear/food/lactariusmushroom/lactariusmushroom.jpg,LactariusMushroom,Red Pine Mushroom,no_mark,ingame_exact
food,mushroom_macrolepiota.p3d,Parasol Mushroom,images/gear/food/macrolepiotamushroom/macrolepiotamushroom.jpg,MacrolepiotaMushroom,Parasol Mushroom,no_mark,ingame_exact
food,mushroom_pleurotus.p3d,Oyster Mushroom,images/gear/food/pleurotusmushroom/pleurotusmushroom.jpg,PleurotusMushroom,Oyster Mushroom,no_mark,ingame_exact
food,orange_fresh.p3d,Orange,images/gear/food/orange/orange.jpg,Orange,Orange,no_mark,ingame_exact
food,orange_rotten.p3d,-,images/gear/food/orange/orange.jpg,Orange,Orange,no_mark,norm_contains
food,pear.p3d,Pear,images/gear/food/pear/pear.jpg,Pear,Pear,no_mark,norm_exact
food,pepper_green.p3d,Pepper,images/gear/food/greenbellpepper/greenbellpepper.jpg,GreenBellPepper,Pepper,no_mark,ingame_exact
food,pepper_green_rotten.p3d,-,images/gear/food/candycane_green/candycane_green.jpg,,,no_mark,
food,pile_of_bones.p3d,Bones,images/gear/consumables/bone/bone.jpg,Bone,Bones,no_mark,ingame_exact
food,plum.p3d,Plum,images/gear/food/plum/plum.jpg,Plum,Plum,no_mark,norm_exact
food,potato.p3d,Potato,images/gear/cultivation/potatoseed/potatoseed.jpg,Potato,Peeled Potato,retain,norm_exact
food,potato_fresh.p3d,-,images/gear/food/potato_fresh.p3d.jpg,Potato,Peeled Potato,retain,norm_contains
food,potato_prepared.p3d,Peeled Potato,images/gear/food/potato/potato.jpg,Potato,Peeled Potato,retain,ingame_exact
food,potato_rotten.p3d,-,images/gear/food/potato_rotten.p3d.jpg,Potato,Peeled Potato,retain,norm_contains
food,powderedmilk.p3d,Powdered Milk,images/gear/food/powderedmilk/powderedmilk.jpg,PowderedMilk,Powdered Milk,no_mark,norm_exact
food,psilocybe_semilanceata.p3d,Liberty Cap,images/gear/food/psilocybemushroom/psilocybemushroom.jpg,PsilocybeMushroom,Liberty Cap,no_mark,ingame_exact
food,pumpkin_fresh.p3d,Pumpkin,images/gear/food/pumpkin/pumpkin.jpg,Pumpkin,Pumpkin,no_mark,ingame_exact
food,pumpkin_fresh_open.p3d,-,images/gear/food/pumpkin/pumpkin.jpg,Pumpkin,Pumpkin,no_mark,norm_contains
food,pumpkin_rotten.p3d,-,images/gear/food/pumpkin/pumpkin.jpg,Pumpkin,Pumpkin,no_mark,norm_contains
food,pumpkin_rotten_open.p3d,-,images/gear/food/pumpkin/pumpkin.jpg,Pumpkin,Pumpkin,no_mark,norm_contains
food,pumpkin_sliced.p3d,Pumpkin Slices,images/gear/food/slicedpumpkin/slicedpumpkin.jpg,SlicedPumpkin,Pumpkin Slices,no_mark,ingame_exact
food,red_caviar.p3d,Red Caviar,images/gear/food/redcaviar/redcaviar.jpg,RedCaviar,Red Caviar,no_mark,norm_exact
food,rice.p3d,Rice,images/gear/food/rice/rice.jpg,Rice,Rice,no_mark,norm_exact
food,salty_chips.p3d,Chips,images/gear/food/saltysticks/saltysticks.jpg,Chips,-,no_mark,norm_contains
food,salty_crackers.p3d,-,images/gear/food/saltysticks/saltysticks.jpg,Crackers,-,no_mark,norm_contains
food,sambucus_nigra.p3d,Elderberries,images/gear/food/sambucusberry/sambucusberry.jpg,SambucusBerry,Elderberries,no_mark,ingame_exact
food,sardines.p3d,-,images/gear/food/sardines/sardines.jpg,Sardines,Sardines,no_mark,norm_exact
food,sardines_live.p3d,Sardines,images/gear/food/sardines/sardines.jpg,Sardines,Sardines,no_mark,ingame_exact
food,sardines_open.p3d,-,images/gear/food/sardines/sardines.jpg,Sardines,Sardines,no_mark,norm_contains
food,shrimp.p3d,Shrimp,images/gear/food/shrimp/shrimp.jpg,Shrimp,Shrimp,no_mark,norm_exact
food,spaghetti.p3d,-,images/gear/food/spaghettican/spaghettican.jpg,,,no_mark,
food,spaghetti_open.p3d,-,images/gear/food/spaghetti_open.p3d.jpg,,,no_mark,
food,steelhead_trout_cooked.p3d,-,images/gear/food/steelheadtrout/steelheadtrout.jpg,SteelheadTrout,Steelhead Trout,no_mark,norm_contains
food,steelhead_trout_fillet.p3d,Steelhead Trout Fillet,images/gear/food/steelheadtroutfilletmeat/steelheadtroutfilletmeat.jpg,SteelheadTroutFilletMeat,Steelhead Trout Fillet,no_mark,ingame_exact
food,steelhead_trout_live.p3d,Steelhead Trout,images/gear/food/steelheadtrout/steelheadtrout.jpg,SteelheadTrout,Steelhead Trout,no_mark,ingame_exact
food,steelhead_trout_raw.p3d,-,images/gear/food/steelheadtrout/steelheadtrout.jpg,SteelheadTrout,Steelhead Trout,no_mark,norm_contains
food,tomato.p3d,Tomato,images/gear/food/tomato/tomato.jpg,Tomato,Tomato,no_mark,norm_exact
food,tuna.p3d,Canned Tuna,images/gear/food/tunacan/tunacan.jpg,,,no_mark,
food,tuna_open.p3d,Canned Tuna,images/gear/food/tuna_open.p3d.jpg,,,no_mark,
food,vulpes_vulpes_dead.p3d,Red Fox,images/gear/food/deadfox/deadfox.jpg,DeadFox,Red Fox,no_mark,ingame_exact
food,walleye_pollock_cooked.p3d,-,images/gear/food/walleyepollock/walleyepollock.jpg,WalleyePollock,Walleye Pollock,no_mark,norm_contains
food,walleye_pollock_fillet.p3d,Walleye Pollock Fillet,images/gear/food/walleyepollockfilletmeat/walleyepollockfilletmeat.jpg,WalleyePollockFilletMeat,Walleye Pollock Fillet,no_mark,ingame_exact
food,walleye_pollock_live.p3d,Walleye Pollock,images/gear/food/walleyepollock/walleyepollock.jpg,WalleyePollock,Walleye Pollock,no_mark,ingame_exact
food,walleye_pollock_raw.p3d,-,images/gear/food/walleyepollock/walleyepollock.jpg,WalleyePollock,Walleye Pollock,no_mark,norm_contains
food,zagorky.p3d,-,images/gear/food/zagorky/zagorky.jpg,Zagorky,-,no_mark,norm_exact
food,zucchini.p3d,Zucchini,images/gear/food/zucchini/zucchini.jpg,Zucchini,Zucchini,no_mark,norm_exact
food,zucchini_fresh.p3d,-,images/gear/food/zucchini/zucchini.jpg,Zucchini,Zucchini,no_mark,norm_contains
food,zucchini_rotten.p3d,-,images/gear/food/zucchini/zucchini.jpg,Zucchini,Zucchini,no_mark,norm_contains
medical,alfa.p3d,Alcoholic Tincture,images/gear/medical/disinfectantalcohol/disinfectantalcohol.jpg,DisinfectantAlcohol,Alcoholic Tincture,no_mark,ingame_exact
medical,bandage.p3d,-,images/gear/medical/bandagedressing/bandagedressing.jpg,BandageDressing,Bandage,no_mark,norm_contains
medical,bandage_dressing.p3d,Bandage,images/gear/medical/bandagedressing/bandagedressing.jpg,BandageDressing,Bandage,no_mark,norm_exact
medical,bloodbag_full.p3d,Blood Bag,images/gear/medical/bloodbagfull/bloodbagfull.jpg,BloodBagFull,Blood Bag,no_mark,norm_exact
medical,bloodbag_full_iv.p3d,IV Blood Bag,images/gear/medical/bloodbagiv/bloodbagiv.jpg,BloodBagIV,IV Blood Bag,no_mark,ingame_exact
medical,bloodbag_sealed.p3d,Blood Collection Kit,images/gear/medical/bloodbagempty/bloodbagempty.jpg,BloodBagEmpty,Blood Collection Kit,no_mark,ingame_exact
medical,bloodtest_kit.p3d,Blood Test Kit,images/gear/medical/bloodtestkit/bloodtestkit.jpg,BloodTestKit,Blood Test Kit,no_mark,norm_exact
medical,charcoal_tablets.p3d,Charcoal Tablets,images/gear/medical/charcoaltablets/charcoaltablets.jpg,CharcoalTablets,Charcoal Tablets,no_mark,norm_exact
medical,chelatingtablets.p3d,Chelating Tablets,images/gear/medical/chelatingtablets/chelatingtablets.jpg,ChelatingTablets,Chelating Tablets,no_mark,norm_exact
medical,cigarettes_lit.p3d,-,images/gear/medical/cigarettes_lit.p3d.jpg,,,no_mark,
medical,cigarettes_unlit.p3d,-,images/gear/medical/cigarettes_unlit.p3d.jpg,,,no_mark,
medical,cigarette_pack.p3d,Pack of Cigarettes,images/gear/medical/cigarettepack_chernamorka/cigarettepack_chernamorka.jpg,,,no_mark,
medical,defibrillator.p3d,Defibrillator,images/gear/medical/defibrillator/defibrillator.jpg,Defibrillator,Defibrillator,no_mark,norm_exact
medical,dexamphetamine.p3d,-,images/gear/medical/dexamphetamine.p3d.jpg,,,no_mark,
medical,disinfectantspray.p3d,Disinfectant Spray,images/gear/medical/disinfectantspray/disinfectantspray.jpg,DisinfectantSpray,Disinfectant Spray,no_mark,norm_exact
medical,epinephrine.p3d,PO-X Antidote,images/gear/medical/epinephrine/epinephrine.jpg,Epinephrine,Epinephrine Auto-Injector,no_mark,norm_exact
medical,improvised_fixture.p3d,-,images/gear/medical/improvised_fixture.p3d.jpg,,,no_mark,
medical,improvised_fixture_f.p3d,-,images/gear/medical/improvised_fixture_f.p3d.jpg,,,no_mark,
medical,improvised_fixture_m.p3d,-,images/gear/medical/improvised_fixture_m.p3d.jpg,,,no_mark,
medical,injectionvial.p3d,Sodium Bicarbonate Vial,images/gear/medical/injectionvial/injectionvial.jpg,InjectionVial,Sodium Bicarbonate Vial,no_mark,norm_exact
medical,iodinetincture.p3d,Iodine Tincture,images/gear/medical/iodinetincture/iodinetincture.jpg,IodineTincture,Iodine Tincture,no_mark,norm_exact
medical,med_tmeter.p3d,Medical Thermometer,images/gear/medical/thermometer/thermometer.jpg,Thermometer,Medical Thermometer,no_mark,ingame_exact
medical,morphine.p3d,Morphine Auto-Injector,images/gear/medical/morphine/morphine.jpg,Morphine,Morphine Auto-Injector,no_mark,norm_exact
medical,painkillers2.p3d,Codeine Pills,images/gear/medical/painkillertablets/painkillertablets.jpg,PainkillerTablets,Codeine Pills,no_mark,ingame_exact
medical,salinebag.p3d,Saline Bag,images/gear/medical/salinebag/salinebag.jpg,SalineBag,Saline Bag,no_mark,norm_exact
medical,startkit.p3d,IV Start Kit,images/gear/medical/startkitiv/startkitiv.jpg,StartKitIV,IV Start Kit,no_mark,ingame_exact
medical,syringe_empty.p3d,Syringe,images/gear/medical/syringe/syringe.jpg,Syringe,Syringe,no_mark,norm_contains
medical,syringe_full.p3d,Syringe,images/gear/medical/syringe/syringe.jpg,Syringe,Syringe,no_mark,norm_contains
medical,tetracycline.p3d,Tetracycline Pills,images/gear/medical/tetracyclineantibiotics/tetracyclineantibiotics.jpg,TetracyclineAntibiotics,Tetracycline Pills,no_mark,ingame_exact
medical,transfusionkit.p3d,IV Saline Bag,images/gear/medical/salinebagiv/salinebagiv.jpg,SalineBagIV,IV Saline Bag,no_mark,ingame_exact
medical,vitaminbottle.p3d,Multivitamin Pills,images/gear/medical/vitaminbottle/vitaminbottle.jpg,VitaminBottle,Multivitamin Pills,no_mark,norm_exact
medical,water_purification_tablets.p3d,Chlorine Tablets,images/gear/medical/purificationtablets/purificationtablets.jpg,PurificationTablets,Chlorine Tablets,no_mark,ingame_exact
navigation,compass.p3d,Compass,images/gear/navigation/compass/compass.jpg,Compass,Compass,no_mark,norm_exact
navigation,compass_modern.p3d,Orienteering Compass,images/gear/navigation/orienteeringcompass/orienteeringcompass.jpg,OrienteeringCompass,Orienteering Compass,no_mark,ingame_exact
navigation,gpsreceiver.p3d,-,images/gear/navigation/gpsreceiver/gpsreceiver.jpg,GPSReceiver,GPS Receiver,no_mark,norm_exact
navigation,map_1stperson.p3d,-,images/gear/navigation/map_1stperson.p3d.jpg,,,no_mark,
navigation,map_chernarus.p3d,-,images/gear/navigation/map_chernarus.p3d.jpg,,,no_mark,
navigation,map_chernarus_animated.p3d,Tourist Map,images/gear/navigation/chernarusmap/chernarusmap.jpg,,,no_mark,
navigation,map_chernarus_open.p3d,-,images/gear/navigation/chernarusmap_open/chernarusmap_open.jpg,,,no_mark,
optics,binoculars.p3d,-,images/gear/optics/binoculars/binoculars.jpg,Binoculars,Binoculars,no_mark,norm_exact
optics,binoculars_view.p3d,-,images/gear/optics/binoculars/binoculars.jpg,Binoculars,Binoculars,no_mark,norm_contains
optics,opticview_rangefinder.p3d,-,images/gear/optics/rangefinder/rangefinder.jpg,Rangefinder,Rangefinder,no_mark,norm_contains
optics,opticview_rangefinder_new.p3d,-,images/gear/optics/rangefinder/rangefinder.jpg,Rangefinder,Rangefinder,no_mark,norm_contains
optics,rangefinder.p3d,Rangefinder,images/gear/optics/rangefinder/rangefinder.jpg,Rangefinder,Rangefinder,no_mark,norm_exact
radio,base_radio_station_f.p3d,-,images/gear/radio/radio/radio.jpg,,,no_mark,
radio,base_radio_station_g.p3d,Field Transceiver,images/gear/radio/baseradio/baseradio.jpg,BaseRadio,Field Transceiver,no_mark,ingame_exact
radio,base_radio_station_m.p3d,-,images/gear/radio/radio/radio.jpg,,,no_mark,
radio,cassette.p3d,-,images/gear/radio/cassette.p3d.jpg,,,no_mark,
radio,megaphone.p3d,Megaphone,images/gear/radio/megaphone/megaphone.jpg,Megaphone,Megaphone,no_mark,norm_exact
radio,unitra_wilga.p3d,Radio,images/gear/radio/radio/radio.jpg,Radio,Radio,no_mark,ingame_exact
radio,walkietalkie.p3d,-,images/gear/radio/walkietalkie.p3d.jpg,,,no_mark,
tools,alarmclock.p3d,-,images/gear/tools/alarmclock_blue/alarmclock_blue.jpg,,,no_mark,
tools,blowtorch.p3d,Blowtorch,images/gear/tools/blowtorch/blowtorch.jpg,Blowtorch,Blowtorch,no_mark,norm_exact
tools,bone_knife.p3d,Bone Knife,images/gear/tools/boneknife/boneknife.jpg,BoneKnife,Bone Knife,no_mark,norm_exact
tools,broom.p3d,Broom,images/gear/tools/broom/broom.jpg,Broom,Broom,no_mark,norm_exact
tools,broom_birch.p3d,Birch Broom,images/gear/tools/broom_birch/broom_birch.jpg,Broom_Birch,Birch Broom,no_mark,norm_exact
tools,candle.p3d,Candle,images/gear/cooking/candle/candle.jpg,Candle,Candle,no_mark,norm_exact
tools,canoe_paddle.p3d,Canoe Paddle,images/gear/tools/paddle/paddle.jpg,Paddle,Canoe Paddle,no_mark,ingame_exact
tools,canopener.p3d,Can Opener,images/gear/tools/canopener/canopener.jpg,CanOpener,Can Opener,no_mark,norm_exact
tools,cassette.p3d,Cassette,images/gear/tools/cassette/cassette.jpg,Cassette,Cassette,no_mark,norm_exact
tools,catle_prod.p3d,Cattle Prod,images/gear/tools/catle_prod.p3d.jpg,CattleProd,Cattle Prod,retain,ingame_exact
tools,cleaning_kit_wood.p3d,Gun Cleaning Kit,images/gear/tools/weaponcleaningkit/weaponcleaningkit.jpg,WeaponCleaningKit,Gun Cleaning Kit,no_mark,ingame_exact
tools,crowbar.p3d,Crowbar,images/gear/tools/crowbar/crowbar.jpg,Crowbar,Crowbar,no_mark,norm_exact
tools,csla_field_shovel.p3d,Field Shovel,images/gear/tools/fieldshovel/fieldshovel.jpg,FieldShovel,Field Shovel,no_mark,ingame_exact
tools,doorcheck120x220-1cm.p3d,DoorTestCamera,images/gear/tools/doorcheck120x220-1cm.p3d.jpg,,,no_mark,
tools,electroniccase.p3d,Electrical Repair Kit,images/gear/tools/electronicrepairkit/electronicrepairkit.jpg,ElectronicRepairKit,Electrical Repair Kit,no_mark,ingame_exact
tools,epoxy_putty.p3d,Epoxy Putty,images/gear/tools/epoxyputty/epoxyputty.jpg,EpoxyPutty,Epoxy Putty,no_mark,norm_exact
tools,farming_hoe.p3d,Farming Hoe,images/gear/tools/farminghoe/farminghoe.jpg,FarmingHoe,Farming Hoe,no_mark,norm_exact
tools,fireextinguisher.p3d,Fire Extinguisher,images/gear/tools/fireextinguisher/fireextinguisher.jpg,FireExtinguisher,Fire Extinguisher,no_mark,norm_exact
tools,fireworkslauncher.p3d,Fireworks Launcher,images/gear/tools/fireworkslauncher/fireworkslauncher.jpg,FireworksLauncher,Fireworks Launcher,no_mark,norm_exact
tools,fishing_rod.p3d,Fishing Rod,images/gear/tools/fishingrod/fishingrod.jpg,FishingRod,Fishing Rod,no_mark,norm_exact
tools,fishing_rod_closed.p3d,-,images/gear/tools/fishingrod/fishingrod.jpg,FishingRod,Fishing Rod,no_mark,norm_contains
tools,fishing_rod_open.p3d,-,images/gear/tools/fishingrod/fishingrod.jpg,FishingRod,Fishing Rod,no_mark,norm_contains
tools,flanged_mace.p3d,Mace,images/gear/tools/mace/mace.jpg,Mace,Mace,no_mark,ingame_exact
tools,flashlight.p3d,Raycast Scanner,images/gear/tools/flashlight/flashlight.jpg,Flashlight,Flashlight,no_mark,norm_exact
tools,hacksaw.p3d,Hacksaw,images/gear/tools/hacksaw/hacksaw.jpg,Hacksaw,Hacksaw,no_mark,norm_exact
tools,hammer.p3d,Hammer,images/gear/tools/hammer/hammer.jpg,Hammer,Hammer,no_mark,norm_exact
tools,handcuffs.p3d,Handcuffs,images/gear/tools/handcuffs/handcuffs.jpg,Handcuffs,Handcuffs,no_mark,norm_exact
tools,handcuffs_locked.p3d,Restrained by Handcuffs,images/gear/tools/handcuffs/handcuffs.jpg,HandcuffsLocked,Restrained by Handcuffs,no_mark,norm_exact
tools,handcuff_keys.p3d,Scientific Briefcase Keys,images/gear/tools/handcuffkeys/handcuffkeys.jpg,HandcuffKeys,Handcuff Keys,no_mark,norm_exact
tools,handsaw.p3d,Hand Saw,images/gear/tools/handsaw/handsaw.jpg,HandSaw,Hand Saw,no_mark,norm_exact
tools,hay_hook.p3d,Hay Hook,images/gear/tools/hayhook/hayhook.jpg,HayHook,Hay Hook,no_mark,norm_exact
tools,heatpack.p3d,Heat Pack,images/gear/tools/heatpack/heatpack.jpg,Heatpack,Heat Pack,no_mark,norm_exact
tools,ice_axe.p3d,Ice Axe,images/gear/tools/iceaxe/iceaxe.jpg,Iceaxe,Ice Axe,no_mark,norm_exact
tools,improvisedfishingrod.p3d,Simple Fishing Rod,images/gear/tools/improvisedfishingrod/improvisedfishingrod.jpg,ImprovisedFishingRod,Simple Fishing Rod,no_mark,norm_exact
tools,improvised_fish_trap.p3d,-,images/gear/tools/improvised_fish_trap.p3d.jpg,,,no_mark,
tools,kitchenknife.p3d,Kitchen Knife,images/gear/tools/kitchenknife/kitchenknife.jpg,KitchenKnife,Kitchen Knife,no_mark,norm_exact
tools,kitchentimer.p3d,-,images/gear/tools/kitchentimer/kitchentimer.jpg,KitchenTimer,Kitchen Timer,no_mark,norm_exact
tools,leather_sewing_kit.p3d,Leather Sewing Kit,images/gear/tools/leathersewingkit/leathersewingkit.jpg,LeatherSewingKit,Leather Sewing Kit,no_mark,norm_exact
tools,lockpick.p3d,Lock Pick,images/gear/tools/lockpick/lockpick.jpg,Lockpick,Lock Pick,no_mark,norm_exact
tools,lug_wrench.p3d,Tire Iron,images/gear/tools/lugwrench/lugwrench.jpg,LugWrench,Tire Iron,no_mark,norm_exact
tools,meat_tenderizer.p3d,Meat Tenderizer,images/gear/tools/meattenderizer/meattenderizer.jpg,MeatTenderizer,Meat Tenderizer,no_mark,norm_exact
tools,mess_tin.p3d,Mess tin,images/gear/tools/messtin/messtin.jpg,MessTin,Mess tin,no_mark,norm_exact
tools,metal_pipe.p3d,Pipe,images/gear/tools/pipe/pipe.jpg,Pipe,Pipe,no_mark,ingame_exact
tools,pen.p3d,Pen,images/gear/tools/pen_black/pen_black.jpg,,,no_mark,
tools,pliers.p3d,Pliers,images/gear/tools/pliers/pliers.jpg,Pliers,Pliers,no_mark,norm_exact
tools,pressure_monitor.p3d,-,images/gear/tools/pressure_monitor.p3d.jpg,,,no_mark,
tools,remotedetonator.p3d,Remote Detonation Unit,images/gear/tools/remotedetonator/remotedetonator.jpg,RemoteDetonator,Remote Detonation Unit,no_mark,norm_exact
tools,remotedetonator_receiver.p3d,-,images/gear/tools/remotedetonatorreceiver/remotedetonatorreceiver.jpg,RemoteDetonatorReceiver,Detonator Receiver,no_mark,norm_exact
tools,remotedetonator_trigger.p3d,Remote Detonator,images/gear/tools/remotedetonatortrigger/remotedetonatortrigger.jpg,RemoteDetonatorTrigger,Remote Detonator,no_mark,norm_exact
tools,screwdriver.p3d,Screwdriver,images/gear/tools/screwdriver/screwdriver.jpg,Screwdriver,Screwdriver,no_mark,norm_exact
tools,sewing_kit.p3d,Sewing Kit,images/gear/tools/sewingkit/sewingkit.jpg,SewingKit,Sewing Kit,no_mark,norm_exact
tools,shippingcontainerkeys.p3d,-,images/gear/tools/shippingcontainerkeys_blue/shippingcontainerkeys_blue.jpg,,,no_mark,
tools,shovel.p3d,Shovel,images/gear/tools/shovel/shovel.jpg,Shovel,Shovel,no_mark,norm_exact
tools,sickle.p3d,Sickle,images/gear/tools/sickle/sickle.jpg,Sickle,Sickle,no_mark,norm_exact
tools,sledge_hammer.p3d,Sledgehammer,images/gear/tools/sledgehammer/sledgehammer.jpg,SledgeHammer,Sledgehammer,no_mark,norm_exact
tools,steak_knife.p3d,Steak Knife,images/gear/tools/steakknife/steakknife.jpg,SteakKnife,Steak Knife,no_mark,norm_exact
tools,walkietalkie.p3d,-,images/gear/tools/walkietalkie.p3d.jpg,,,no_mark,
tools,whetstone.p3d,Sharpening Stone,images/gear/tools/whetstone/whetstone.jpg,Whetstone,Sharpening Stone,no_mark,norm_exact
tools,wrench.p3d,Wrench,images/gear/tools/wrench/wrench.jpg,Wrench,Wrench,no_mark,norm_exact
traps,beartrap.p3d,Bear Trap,images/gear/traps/beartrap/beartrap.jpg,BearTrap,Bear Trap,no_mark,norm_exact
traps,beartrap_g.p3d,-,images/gear/traps/beartrap/beartrap.jpg,BearTrap,Bear Trap,no_mark,norm_contains
traps,fishnettrap.p3d,Fish Net Trap,images/gear/traps/fishnettrap/fishnettrap.jpg,FishNetTrap,Fish Net Trap,no_mark,norm_exact
traps,fishnettrap_g.p3d,-,images/gear/traps/fishnettrap/fishnettrap.jpg,FishNetTrap,Fish Net Trap,no_mark,norm_contains
traps,landmine.p3d,Land Mine,images/gear/traps/landminetrap/landminetrap.jpg,LandMineTrap,Land Mine,no_mark,ingame_exact
traps,smallfishtrap.p3d,Small Fish Trap,images/gear/traps/smallfishtrap/smallfishtrap.jpg,SmallFishTrap,Small Fish Trap,no_mark,norm_exact
traps,snaretrap.p3d,Snare Trap,images/gear/traps/rabbitsnaretrap/rabbitsnaretrap.jpg,RabbitSnareTrap,Snare Trap,no_mark,ingame_exact
traps,tripwire.p3d,Tripwire,images/gear/traps/tripwiretrap/tripwiretrap.jpg,TripwireTrap,Tripwire,no_mark,ingame_exact
traps,tripwire_g.p3d,-,images/gear/traps/tripwire_g.p3d.jpg,,,no_mark,
